<?xml version="1.0" encoding="UTF-8"?>
<rules
    xmlns="http://namespaces.plone.org/diazo"
    xmlns:css="http://namespaces.plone.org/diazo/css"
    xmlns:xsl="http://www.w3.org/1999/XSL/Transform"
    xmlns:xi="http://www.w3.org/2001/XInclude"
    >
    
    <drop 
        css:content="#portal-globalnav" 
    />
    
    <append 
        css:content-children="#viewlet-above-content > .carouselWrapper"
        css:theme="#feature-listing-above-footer"
        method="raw"
    />
    
    <drop
        css:content=".carouselWrapper"
    />
    
    <drop
        css:theme="#feature-listing-slider"
        css:if-not-content=".carouselWrapper"
    />
    
    <drop
        css:content="#viewlet-above-content > .carousel"
    />
    
    <drop
        css:content="#viewlet-above-content > .carouselWrapper"
    />
    
    <replace
        css:theme-children="#ps-slider"
        css:content="#viewlet-above-content > .carousel"
        method="raw"
    />    
    
    <drop 
        css:content=".featurenavi" 
    />
    
    <replace 
        css:theme="#fullbgnav"
        css:content=".featurenavi"
        method="raw"
    />
    
    <drop 
        css:content="#portal-languageselector" 
    />
    
    <replace 
        css:theme=".language-chooser-list"
        css:content="#portal-languageselector"
        method="raw"
    />
    
  
    
    <drop 
        css:content="#portal-personaltools-wrapper" 
    />
    
    <replace 
        css:theme=".login-box"
        css:content="#portal-personaltools-wrapper"
        method="raw" 
    />

    <drop
        css:content=".toolkit-slider"
    />
    
    <drop
        css:content=".carousel" 
    />
    
    <replace 
        css:theme-children="#ps-slider"
        css:content=".carousel" 
        method="raw"
    />

     
</rules>