<?xml version="1.0" encoding="UTF-8"?>
<rules
    xmlns="http://namespaces.plone.org/diazo"
    xmlns:css="http://namespaces.plone.org/diazo/css"
    xmlns:xsl="http://www.w3.org/1999/XSL/Transform"
    xmlns:xi="http://www.w3.org/2001/XInclude"
    >
    
    <drop
        css:content="#viewlet-above-content > .carousel"
    />
    
    <drop
        css:content="#viewlet-above-content > .carouselWrapper"
    />
    
    <replace
        css:theme-children="#ps-slider"
        css:content="#viewlet-above-content > .carousel"
        method="raw"
    />
    
    <append css:theme="#main"
        css:content="#viewlet-above-content > .carouselWrapper"
        method="raw"
    />
    
    <drop 
        css:content=".featurenavi" 
    />
    
    <replace 
        css:theme="#fullbgnav"
        css:content=".featurenavi"
        method="raw"
    />
    
    <drop 
        css:content="#portal-languageselector" 
    />
    
    <replace 
        css:theme=".language-chooser-list"
        css:content="#portal-languageselector"
        method="raw"
    />
    
  
    
    <drop 
        css:content="#portal-personaltools-wrapper" 
    />
    
    <replace 
        css:theme=".login-box"
        css:content="#portal-personaltools-wrapper"
        method="raw" 
    />

    <drop
        css:content=".toolkit-slider"
    />
    
    <drop
        css:content=".carousel" 
    />
    
    <replace 
        css:theme-children="#ps-slider"
        css:content=".carousel" 
        method="raw"
    />
<!--
    <replace css:content=".portletAgentInformation .visualClear">
      <div class="agency_logo_wrapper"></div>
      <div class="visualClear" />
    </replace>
    -->


     
</rules>